response_id,task_id,slot,task_version,model,generated_at,date_precision,source,session_id,settings,collector,source_status,imported_at,prompt_sha256,reply_sha256,raw_path,actual_prompt_path
MP01-A,MP01,A,0.1,Codex agent; underlying model identifier not exposed,2026-09-10,date,Fresh Codex child agent; fork_turns none; task-only request,/root/pilot_candidate_mp01_a,Inherited; sampling settings not exposed,Codex (AI),ai_recorded,2026-09-10T15:40:07Z,d089a37d582c91d4c86d00deb44f71532e46d55a351a950d358465f77cb0986b,e65a3c49d83c571346ebcd36d70e305c8a23f5172a44aa4141b5a4c04169163a,04_responses/raw/MP01-A.txt,04_responses/prompts/MP01-A.txt
MP01-B,MP01,B,0.1,Codex agent; underlying model identifier not exposed,2026-09-10,date,Fresh Codex child agent; fork_turns none; task-only request,/root/candidate_stream_b,Inherited; sampling settings not exposed,Codex (AI),ai_recorded,2026-09-10T15:40:07Z,d089a37d582c91d4c86d00deb44f71532e46d55a351a950d358465f77cb0986b,775ae62280a215fa2651b2eb1e7c254a08a06639de4d2b888b9a94582a5a98aa,04_responses/raw/MP01-B.txt,04_responses/prompts/MP01-B.txt
MP02-A,MP02,A,0.1,Codex agent; underlying model identifier not exposed,2026-09-10,date,Fresh Codex child agent; fork_turns none; task-only request,/root/pilot_candidate_mp02_a,Inherited; sampling settings not exposed,Codex (AI),ai_recorded,2026-09-10T15:40:07Z,11fcf2ebfa3d4e374b5f9b4e47cf3638c07c623a3d360c5105c296ebd2d59d3b,8c3a476644356c9a9717702195eb1944e4d6f9033fe5243262a3a2014aab67fe,04_responses/raw/MP02-A.txt,04_responses/prompts/MP02-A.txt
MP02-B,MP02,B,0.1,Codex agent; underlying model identifier not exposed,2026-09-10,date,Fresh Codex child agent; fork_turns none; task-only request,/root/remaining_cs_rc/candidate_mp02_b,Inherited; sampling settings not exposed,Codex (AI),ai_recorded,2026-09-10T15:40:07Z,11fcf2ebfa3d4e374b5f9b4e47cf3638c07c623a3d360c5105c296ebd2d59d3b,fa1b8e1125eec22d914e5dc7f3599c5f60227b0b316311bb0dff203d44a69bc5,04_responses/raw/MP02-B.txt,04_responses/prompts/MP02-B.txt
CS01-A,CS01,A,0.1,Codex agent; underlying model identifier not exposed,2026-09-10,date,Fresh Codex child agent; fork_turns none; task-only request,/root/remaining_cs_rc/candidate_cs01_a_finaldispatch,Inherited; sampling settings not exposed,Codex (AI),ai_recorded,2026-09-10T15:44:15Z,fb120ef28f200348c2bef2d385c7de6806a8cd943feca60183d8fdda0c92f684,f049e2af8b3ce42ee3e509d62026464f2bdf33b6b97b5c5a3d2012a7a4a8b03b,04_responses/raw/CS01-A.txt,04_responses/prompts/CS01-A.txt
CS01-B,CS01,B,0.1,Codex agent; underlying model identifier not exposed,2026-09-10,date,Fresh Codex child agent; fork_turns none; task-only request,/root/remaining_cs_rc/candidate_cs01_b,Inherited; sampling settings not exposed,Codex (AI),ai_recorded,2026-09-10T15:44:15Z,fb120ef28f200348c2bef2d385c7de6806a8cd943feca60183d8fdda0c92f684,d454bfee7f75d95b1ddf70cbdf677cf61fa1e4271544a5a5d870fb4c0c68454a,04_responses/raw/CS01-B.txt,04_responses/prompts/CS01-B.txt
CS02-A,CS02,A,0.1,Codex agent; underlying model identifier not exposed,2026-09-10,date,Fresh Codex child agent; fork_turns none; task-only request,/root/remaining_cs_rc/candidate_cs02_a,Inherited; sampling settings not exposed,Codex (AI),ai_recorded,2026-09-10T15:44:15Z,fd320d40ff36a5d29cefc48f2229c634f272157cf69c55d14546d8b8801ff688,826d8553913262bef54f90ef74630ac57ac1f44bb8da32da90d75c15b6ac880e,04_responses/raw/CS02-A.txt,04_responses/prompts/CS02-A.txt
CS02-B,CS02,B,0.1,Codex agent; underlying model identifier not exposed,2026-09-10,date,Fresh Codex child agent; fork_turns none; task-only request,/root/remaining_cs_rc/candidate_cs02_b,Inherited; sampling settings not exposed,Codex (AI),ai_recorded,2026-09-10T15:44:15Z,fd320d40ff36a5d29cefc48f2229c634f272157cf69c55d14546d8b8801ff688,81c527e7fce2a80dcdd5006b51f024f4436b2d7a6a833a8e86cf6067582d4e2a,04_responses/raw/CS02-B.txt,04_responses/prompts/CS02-B.txt
RC01-A,RC01,A,0.1,Codex agent; underlying model identifier not exposed,2026-09-10,date,Fresh Codex child agent; fork_turns none; task-only request,/root/remaining_cs_rc/candidate_rc01_a,Inherited; sampling settings not exposed,Codex (AI),ai_recorded,2026-09-10T15:47:03Z,00fe6092aa91ae97eadab5b0e2990b091cf1a19425fbf18b994d423a0960f83e,dfe9d6ea24ac90eeeef9f86b87b9c64276eeae33f05e5607eb53a17c8e7a1aaf,04_responses/raw/RC01-A.txt,04_responses/prompts/RC01-A.txt
RC01-B,RC01,B,0.1,Codex agent; underlying model identifier not exposed,2026-09-10,date,Fresh Codex child agent; fork_turns none; task-only request,/root/remaining_cs_rc/candidate_rc01_b,Inherited; sampling settings not exposed,Codex (AI),ai_recorded,2026-09-10T15:47:03Z,00fe6092aa91ae97eadab5b0e2990b091cf1a19425fbf18b994d423a0960f83e,78bd644252bd03a39e66b8fe90ab907f4a9b9d83b8120c5ce93088a4adbd4bcb,04_responses/raw/RC01-B.txt,04_responses/prompts/RC01-B.txt
RC02-A,RC02,A,0.1,Codex agent; underlying model identifier not exposed,2026-09-10,date,Fresh Codex child agent; fork_turns none; task-only request,/root/remaining_cs_rc/candidate_rc02_a,Inherited; sampling settings not exposed,Codex (AI),ai_recorded,2026-09-10T15:47:04Z,b61f03474bf6b8b6aa4b8dbfc62d575785ae4eec62015f495eaf3963697b3cc8,425cf5ce0f5d0b8192693ca3154bfc1811c111e40ff311ebc021027c23fd40b0,04_responses/raw/RC02-A.txt,04_responses/prompts/RC02-A.txt
RC02-B,RC02,B,0.1,Codex agent; underlying model identifier not exposed,2026-09-10,date,Fresh Codex child agent; fork_turns none; task-only request,/root/remaining_cs_rc/candidate_rc02_b,Inherited; sampling settings not exposed,Codex (AI),ai_recorded,2026-09-10T15:47:04Z,b61f03474bf6b8b6aa4b8dbfc62d575785ae4eec62015f495eaf3963697b3cc8,2bfacdfdffd36bd69b7aac9369e3abca76be03e5fec0aa2f696f128e35380d02,04_responses/raw/RC02-B.txt,04_responses/prompts/RC02-B.txt
PR01-A,PR01,A,0.1,Codex agent; underlying model identifier not exposed,2026-09-10,date,Fresh Codex child agent; fork_turns none; task-only request,/root/remaining_cs_rc/candidate_pr01_a,Inherited; sampling settings not exposed,Codex (AI),ai_recorded,2026-09-10T15:47:04Z,7436cabbf63062e8a12f5bf460d2c32252300b9afd5d456bb9a43bfb9b3f0ba1,7374906323ee277be26deb01d1e7c030b7169d24e594a0da577841a780dad9b1,04_responses/raw/PR01-A.txt,04_responses/prompts/PR01-A.txt
PR01-B,PR01,B,0.1,Codex agent; underlying model identifier not exposed,2026-09-10,date,Fresh Codex child agent; fork_turns none; task-only request,/root/remaining_cs_rc/candidate_pr01_b,Inherited; sampling settings not exposed,Codex (AI),ai_recorded,2026-09-10T15:52:45Z,7436cabbf63062e8a12f5bf460d2c32252300b9afd5d456bb9a43bfb9b3f0ba1,7374906323ee277be26deb01d1e7c030b7169d24e594a0da577841a780dad9b1,04_responses/raw/PR01-B.txt,04_responses/prompts/PR01-B.txt
PR02-A,PR02,A,0.1,Codex agent; underlying model identifier not exposed,2026-09-10,date,Fresh Codex child agent; fork_turns none; task-only request,/root/remaining_cs_rc/candidate_pr02_a_resumed,Inherited; sampling settings not exposed,Codex (AI),ai_recorded,2026-09-10T15:54:20Z,7968ed74dcf41976f62cda762b0c05ba76fb038cd3daf0d4c550baec1eb8a893,dbcf7d74a39d1dc71c314c48946477050513073cb88e35912c1f6ea16d554786,04_responses/raw/PR02-A.txt,04_responses/prompts/PR02-A.txt
PR02-B,PR02,B,0.1,Codex agent; underlying model identifier not exposed,2026-09-10,date,Fresh Codex child agent; fork_turns none; task-only request,/root/remaining_cs_rc/candidate_pr02_b,Inherited; sampling settings not exposed,Codex (AI),ai_recorded,2026-09-10T15:54:20Z,7968ed74dcf41976f62cda762b0c05ba76fb038cd3daf0d4c550baec1eb8a893,bf0af5454a02fffd5e67096cad34e9a9fe030ac3f346aad37f6ccfe409209125,04_responses/raw/PR02-B.txt,04_responses/prompts/PR02-B.txt
MP03-A,MP03,A,0.1,Codex agent; underlying model identifier not exposed,2026-09-10,date,Fresh Codex child agent; fork_turns none; task-only request,/root/remaining_cs_rc/candidate_mp03_a,Inherited; sampling settings not exposed,Codex (AI),ai_recorded,2026-09-10T15:58:11Z,a4524e74910de3feac26287a1f62d453a572b6c83260ec12571f46441de470df,d270ccdbaf3f15c2b9d448208cb17d3552e83c95b1120a8eafd010d2ff543de0,04_responses/raw/MP03-A.txt,04_responses/prompts/MP03-A.txt
MP03-B,MP03,B,0.1,Codex agent; underlying model identifier not exposed,2026-09-10,date,Fresh Codex child agent; fork_turns none; task-only request,/root/remaining_cs_rc/candidate_mp03_b,Inherited; sampling settings not exposed,Codex (AI),ai_recorded,2026-09-10T15:58:11Z,a4524e74910de3feac26287a1f62d453a572b6c83260ec12571f46441de470df,3eb4314f71ff68469c69c412e7253fc3b653363ecbad32c6150008bd2405206e,04_responses/raw/MP03-B.txt,04_responses/prompts/MP03-B.txt
MP04-A,MP04,A,0.1,Codex agent; underlying model identifier not exposed,2026-09-10,date,Fresh Codex child agent; fork_turns none; task-only request,/root/remaining_cs_rc/candidate_mp04_a,Inherited; sampling settings not exposed,Codex (AI),ai_recorded,2026-09-10T15:58:11Z,fe778f4a5c5a24f71117b8f1af5c04f8e5953ca3f8b532f4e22605e7a86a2f4d,0e038f02e119824334fe0777a8f755fad6f5f5b994ed92eae9e54fdb3871c2b0,04_responses/raw/MP04-A.txt,04_responses/prompts/MP04-A.txt
MP04-B,MP04,B,0.1,Codex agent; underlying model identifier not exposed,2026-09-10,date,Fresh Codex child agent; fork_turns none; task-only request,/root/remaining_cs_rc/candidate_mp04_b,Inherited; sampling settings not exposed,Codex (AI),ai_recorded,2026-09-10T15:58:11Z,fe778f4a5c5a24f71117b8f1af5c04f8e5953ca3f8b532f4e22605e7a86a2f4d,440b316a247c0b5fbd93e47776b2d53ef7ba2d073dac2cc42b2febef1919207f,04_responses/raw/MP04-B.txt,04_responses/prompts/MP04-B.txt
MP05-A,MP05,A,0.1,Codex agent; underlying model identifier not exposed,2026-09-10,date,Fresh Codex child agent; fork_turns none; task-only request,/root/remaining_cs_rc/candidate_mp05_a,Inherited; sampling settings not exposed,Codex (AI),ai_recorded,2026-09-10T16:00:24Z,de6f58d939d4814fa56bceeec1d41ced87706cc457c9fb44d3c14cfb3c0703b4,9df11e8f9972dc2a3f062ece5a1c3d23ea891714c951c61c3085158c183c3917,04_responses/raw/MP05-A.txt,04_responses/prompts/MP05-A.txt
MP05-B,MP05,B,0.1,Codex agent; underlying model identifier not exposed,2026-09-10,date,Fresh Codex child agent; fork_turns none; task-only request,/root/remaining_cs_rc/candidate_mp05_b,Inherited; sampling settings not exposed,Codex (AI),ai_recorded,2026-09-10T16:00:24Z,de6f58d939d4814fa56bceeec1d41ced87706cc457c9fb44d3c14cfb3c0703b4,35900e780d5d887c5548d27e76ca37050a2c4156795a5ee1c58719b508a7accd,04_responses/raw/MP05-B.txt,04_responses/prompts/MP05-B.txt
MP06-A,MP06,A,0.1,Codex agent; underlying model identifier not exposed,2026-09-10,date,Fresh Codex child agent; fork_turns none; task-only request,/root/remaining_cs_rc/candidate_mp06_a,Inherited; sampling settings not exposed,Codex (AI),ai_recorded,2026-09-10T16:00:24Z,c60ce110ea1f334abcd1e0ecfab69cdc82175496c40f3982897801dbe00a937f,699d15b12c8bf06184d8fe0ca097c4ada2e743b7a9126b916f2167440417f76d,04_responses/raw/MP06-A.txt,04_responses/prompts/MP06-A.txt
MP06-B,MP06,B,0.1,Codex agent; underlying model identifier not exposed,2026-09-10,date,Fresh Codex child agent; fork_turns none; task-only request,/root/remaining_cs_rc/candidate_mp06_b,Inherited; sampling settings not exposed,Codex (AI),ai_recorded,2026-09-10T16:00:24Z,c60ce110ea1f334abcd1e0ecfab69cdc82175496c40f3982897801dbe00a937f,eca3ee54412bbb2a2a31617dcb6c093c143fc79c0846a995efb44aaff56741c6,04_responses/raw/MP06-B.txt,04_responses/prompts/MP06-B.txt
MP07-A,MP07,A,0.1,Codex agent; underlying model identifier not exposed,2026-09-10,date,Fresh Codex child agent; fork_turns none; task-only request,/root/remaining_cs_rc/candidate_mp07_a,Inherited; sampling settings not exposed,Codex (AI),ai_recorded,2026-09-10T16:00:24Z,92e089be1978b8ee0793448f85889b185bc42f146c86cbbd168f212b363b8e95,19dea99ec5a333c39ac1bc2abf52074eb12d4217881059395a55ef99fe7d533a,04_responses/raw/MP07-A.txt,04_responses/prompts/MP07-A.txt
MP07-B,MP07,B,0.1,Codex agent; underlying model identifier not exposed,2026-09-10,date,Fresh Codex child agent; fork_turns none; task-only request,/root/remaining_cs_rc/candidate_mp07_b,Inherited; sampling settings not exposed,Codex (AI),ai_recorded,2026-09-10T16:00:24Z,92e089be1978b8ee0793448f85889b185bc42f146c86cbbd168f212b363b8e95,a381cd92a479e1c5f12d026faa11c6a9d62f34418021d4bed0f8d865f956bdb9,04_responses/raw/MP07-B.txt,04_responses/prompts/MP07-B.txt
MP08-A,MP08,A,0.1,Codex agent; underlying model identifier not exposed,2026-09-10,date,Fresh Codex child agent; fork_turns none; task-only request,/root/remaining_cs_rc/candidate_mp08_a,Inherited; sampling settings not exposed,Codex (AI),ai_recorded,2026-09-10T16:01:37Z,43c6a7b77245cd7f4833ead96ecf4d28c881d1c168dff8ac9a90e4a88d6b409c,9027bc59026aa00822a659a528266ae730f8c8dcbd0d742b798f407610d0b314,04_responses/raw/MP08-A.txt,04_responses/prompts/MP08-A.txt
MP08-B,MP08,B,0.1,Codex agent; underlying model identifier not exposed,2026-09-10,date,Fresh Codex child agent; fork_turns none; task-only request,/root/remaining_cs_rc/candidate_mp08_b,Inherited; sampling settings not exposed,Codex (AI),ai_recorded,2026-09-10T16:01:37Z,43c6a7b77245cd7f4833ead96ecf4d28c881d1c168dff8ac9a90e4a88d6b409c,c05384f2760a4f3afc9e9b7d9c02127b084ce079782ce35f7e344e028af8a5c6,04_responses/raw/MP08-B.txt,04_responses/prompts/MP08-B.txt
MP09-A,MP09,A,0.1,Codex agent; underlying model identifier not exposed,2026-09-10,date,Fresh Codex child agent; fork_turns none; task-only request,/root/remaining_cs_rc/candidate_mp09_a,Inherited; sampling settings not exposed,Codex (AI),ai_recorded,2026-09-10T16:01:37Z,8371dfdcd5e86cb256252aae543bca9bf9e4066a30ef7f247f37bebfa0449232,fd707224e5294559a3918a5fd1393ed2163847cb996820fa9990b316c515bef4,04_responses/raw/MP09-A.txt,04_responses/prompts/MP09-A.txt
MP09-B,MP09,B,0.1,Codex agent; underlying model identifier not exposed,2026-09-10,date,Fresh Codex child agent; fork_turns none; task-only request,/root/remaining_cs_rc/candidate_mp09_b,Inherited; sampling settings not exposed,Codex (AI),ai_recorded,2026-09-10T16:02:32Z,8371dfdcd5e86cb256252aae543bca9bf9e4066a30ef7f247f37bebfa0449232,aae56ac7c581c625167639b34c5e9b5e987e57d4633a43ed8b8b04b4a14fe6ba,04_responses/raw/MP09-B.txt,04_responses/prompts/MP09-B.txt
MP10-A,MP10,A,0.1,Codex agent; underlying model identifier not exposed,2026-09-10,date,Fresh Codex child agent; fork_turns none; task-only request,/root/remaining_cs_rc/candidate_mp10_a,Inherited; sampling settings not exposed,Codex (AI),ai_recorded,2026-09-10T16:02:32Z,a1dc10f5df2ed687b6559cc870a27c7e83c5cecd8debed4dfc63fde9480992d4,732c8c16b5d9dcc5725ed9f29e5fd53a162c6eef28756e4d56b134f55ed15fc2,04_responses/raw/MP10-A.txt,04_responses/prompts/MP10-A.txt
MP10-B,MP10,B,0.1,Codex agent; underlying model identifier not exposed,2026-09-10,date,Fresh Codex child agent; fork_turns none; task-only request,/root/remaining_cs_rc/candidate_mp10_b,Inherited; sampling settings not exposed,Codex (AI),ai_recorded,2026-09-10T16:02:32Z,a1dc10f5df2ed687b6559cc870a27c7e83c5cecd8debed4dfc63fde9480992d4,b51085f0aca2357fbf1fca71f90058e18a6b7aa3d9a96ac5c9cf31596bd2e456,04_responses/raw/MP10-B.txt,04_responses/prompts/MP10-B.txt
CS03-A,CS03,A,0.1,Codex agent; underlying model identifier not exposed,2026-09-10,date,Fresh Codex child agent; fork_turns none; task-only request,/root/remaining_cs_rc/candidate_cs03_a,Inherited; sampling settings not exposed,Codex (AI),ai_recorded,2026-09-10T16:04:44Z,1e94ec899edea6df75108fb0cbc3b8dd0e6ff1b6cde6b974b45dacb58f94a8d4,ff2633f2b1d2644fac72f3aeae81fd6ecf1971e0fc340681ca332c54c6309ad3,04_responses/raw/CS03-A.txt,04_responses/prompts/CS03-A.txt
CS03-B,CS03,B,0.1,Codex agent; underlying model identifier not exposed,2026-09-10,date,Fresh Codex child agent; fork_turns none; task-only request,/root/remaining_cs_rc/candidate_cs03_b,Inherited; sampling settings not exposed,Codex (AI),ai_recorded,2026-09-10T16:04:45Z,1e94ec899edea6df75108fb0cbc3b8dd0e6ff1b6cde6b974b45dacb58f94a8d4,ec367168ac463fa09cbf5196c3c69188bcab5e56c01f6accccbf2a4ad4f09501,04_responses/raw/CS03-B.txt,04_responses/prompts/CS03-B.txt
CS04-A,CS04,A,0.1,Codex agent; underlying model identifier not exposed,2026-09-10,date,Fresh Codex child agent; fork_turns none; task-only request,/root/remaining_cs_rc/candidate_cs04_a,Inherited; sampling settings not exposed,Codex (AI),ai_recorded,2026-09-10T16:04:45Z,85855cbbbde500f32a2a715f0851786899abc399058a84db99df47a7e323b17b,449422b83fb1bfff21020cf06c3111a13eac8f492cb94ebd87234cfed0ed3278,04_responses/raw/CS04-A.txt,04_responses/prompts/CS04-A.txt
CS04-B,CS04,B,0.1,Codex agent; underlying model identifier not exposed,2026-09-10,date,Fresh Codex child agent; fork_turns none; task-only request,/root/remaining_cs_rc/candidate_cs04_b,Inherited; sampling settings not exposed,Codex (AI),ai_recorded,2026-09-10T16:04:45Z,85855cbbbde500f32a2a715f0851786899abc399058a84db99df47a7e323b17b,cec473f0d3d5d83c395383808eae35f676cce576adbc6f562be01dae62f199e3,04_responses/raw/CS04-B.txt,04_responses/prompts/CS04-B.txt
CS05-A,CS05,A,0.1,Codex agent; underlying model identifier not exposed,2026-09-10,date,Fresh Codex child agent; fork_turns none; task-only request,/root/remaining_cs_rc/candidate_cs05_a,Inherited; sampling settings not exposed,Codex (AI),ai_recorded,2026-09-10T16:04:45Z,743457552e410e43aece32808833f651a04e551ab8ed95de1370de78d1354243,e18280714ef7d14b6d9d3cad5b3fbb74fe499f37706bff2a3400d477e10a1412,04_responses/raw/CS05-A.txt,04_responses/prompts/CS05-A.txt
CS05-B,CS05,B,0.1,Codex agent; underlying model identifier not exposed,2026-09-10,date,Fresh Codex child agent; fork_turns none; task-only request,/root/remaining_cs_rc/candidate_cs05_b,Inherited; sampling settings not exposed,Codex (AI),ai_recorded,2026-09-10T16:06:04Z,743457552e410e43aece32808833f651a04e551ab8ed95de1370de78d1354243,7a041a4a75122b0a30a05525848b130a44a218a697c8ee75ef094d3a3c90646d,04_responses/raw/CS05-B.txt,04_responses/prompts/CS05-B.txt
CS06-A,CS06,A,0.1,Codex agent; underlying model identifier not exposed,2026-09-10,date,Fresh Codex child agent; fork_turns none; task-only request,/root/remaining_cs_rc/candidate_cs06_a,Inherited; sampling settings not exposed,Codex (AI),ai_recorded,2026-09-10T16:06:04Z,d577c67f1436a77003226c6db0844200a971fc248f63af59cdb5c46f80bf25b7,a7a54cec1d854d4fa03b32fe3eb26b22c5c2d5b6b1b972b4a16088cb74d03f1f,04_responses/raw/CS06-A.txt,04_responses/prompts/CS06-A.txt
CS06-B,CS06,B,0.1,Codex agent; underlying model identifier not exposed,2026-09-10,date,Fresh Codex child agent; fork_turns none; task-only request,/root/remaining_cs_rc/candidate_cs06_b,Inherited; sampling settings not exposed,Codex (AI),ai_recorded,2026-09-10T16:06:04Z,d577c67f1436a77003226c6db0844200a971fc248f63af59cdb5c46f80bf25b7,a7f2f6268964731aa6f029f531a8589640a26df0475c7e2a163c3b80800952c3,04_responses/raw/CS06-B.txt,04_responses/prompts/CS06-B.txt
CS07-A,CS07,A,0.1,Codex agent; underlying model identifier not exposed,2026-09-10,date,Fresh Codex child agent; fork_turns none; task-only request,/root/remaining_cs_rc/candidate_cs07_a,Inherited; sampling settings not exposed,Codex (AI),ai_recorded,2026-09-10T16:07:42Z,ac63ca4ec09ca5c44d9ef9e0e65b8e8c2402c7daf8c31e4c8836704567bf6201,515a059bd06b2afe24d477590589281dd1c5d6e007e73fcc21fa9407d09c38c7,04_responses/raw/CS07-A.txt,04_responses/prompts/CS07-A.txt
CS07-B,CS07,B,0.1,Codex agent; underlying model identifier not exposed,2026-09-10,date,Fresh Codex child agent; fork_turns none; task-only request,/root/remaining_cs_rc/candidate_cs07_b,Inherited; sampling settings not exposed,Codex (AI),ai_recorded,2026-09-10T16:07:42Z,ac63ca4ec09ca5c44d9ef9e0e65b8e8c2402c7daf8c31e4c8836704567bf6201,748e20f601ba7320f41f40eb8eb516a01a3b12b6b0a9682c7a596df1ebfbea15,04_responses/raw/CS07-B.txt,04_responses/prompts/CS07-B.txt
CS08-A,CS08,A,0.1,Codex agent; underlying model identifier not exposed,2026-09-10,date,Fresh Codex child agent; fork_turns none; task-only request,/root/remaining_cs_rc/candidate_cs08_a,Inherited; sampling settings not exposed,Codex (AI),ai_recorded,2026-09-10T16:07:42Z,4e46ef89b40982a68b24c4816b0b3cd76b0c90c87d971180b94e04d946519fac,ea057cbf6220f2286949b703cedb208980c5a6086efe446531af7e3e4edd8aba,04_responses/raw/CS08-A.txt,04_responses/prompts/CS08-A.txt
CS08-B,CS08,B,0.1,Codex agent; underlying model identifier not exposed,2026-09-10,date,Fresh Codex child agent; fork_turns none; task-only request,/root/remaining_cs_rc/candidate_cs08_b,Inherited; sampling settings not exposed,Codex (AI),ai_recorded,2026-09-10T16:07:42Z,4e46ef89b40982a68b24c4816b0b3cd76b0c90c87d971180b94e04d946519fac,82dcf0d43524b751f2d6b9e0a89848ec0c607db244cd9315ed95df8f6f5c5152,04_responses/raw/CS08-B.txt,04_responses/prompts/CS08-B.txt
CS09-A,CS09,A,0.1,Codex agent; underlying model identifier not exposed,2026-09-10,date,Fresh Codex child agent; fork_turns none; task-only request,/root/remaining_cs_rc/candidate_cs09_a,Inherited; sampling settings not exposed,Codex (AI),ai_recorded,2026-09-10T16:12:09Z,b3bcb9cb963c680ad9dd724bc3b0a9d629bc56fcf1c93e6e915747e37ced14de,d50b50a16ca37064afb724b2ed09585602ca002f5bbf4bca000cb11cb08ef0c1,04_responses/raw/CS09-A.txt,04_responses/prompts/CS09-A.txt
CS09-B,CS09,B,0.1,Codex agent; underlying model identifier not exposed,2026-09-10,date,Fresh Codex child agent; fork_turns none; task-only request,/root/remaining_cs_rc/candidate_cs09_b,Inherited; sampling settings not exposed,Codex (AI),ai_recorded,2026-09-10T16:12:09Z,b3bcb9cb963c680ad9dd724bc3b0a9d629bc56fcf1c93e6e915747e37ced14de,a8d77248aa076952a0dd3655c01823957a28df4573740c0a8d7136ce93146dae,04_responses/raw/CS09-B.txt,04_responses/prompts/CS09-B.txt
CS10-A,CS10,A,0.1,Codex agent; underlying model identifier not exposed,2026-09-10,date,Fresh Codex child agent; fork_turns none; task-only request,/root/remaining_cs_rc/candidate_cs10_a,Inherited; sampling settings not exposed,Codex (AI),ai_recorded,2026-09-10T16:12:09Z,785774eabd49d39ee88055369b96c2a7c9ad149d95b6a1dffadc3d16cefd34b4,42c230dd47cb07d6355d56b66765953e488be998fb83997ac8635aff0519cba2,04_responses/raw/CS10-A.txt,04_responses/prompts/CS10-A.txt
CS10-B,CS10,B,0.1,Codex agent; underlying model identifier not exposed,2026-09-10,date,Fresh Codex child agent; fork_turns none; task-only request,/root/remaining_cs_rc/candidate_cs10_b,Inherited; sampling settings not exposed,Codex (AI),ai_recorded,2026-09-10T16:12:09Z,785774eabd49d39ee88055369b96c2a7c9ad149d95b6a1dffadc3d16cefd34b4,86069f3f967617a3e9aeb725d3d1c10d19af8a1146539307a744b0754af35d18,04_responses/raw/CS10-B.txt,04_responses/prompts/CS10-B.txt
RC03-A,RC03,A,0.1,Codex agent; underlying model identifier not exposed,2026-09-10,date,Fresh Codex child agent; fork_turns none; task-only request,/root/remaining_cs_rc/candidate_rc03_a,Inherited; sampling settings not exposed,Codex (AI),ai_recorded,2026-09-10T16:12:09Z,7af2e28a68d47399e4aaedeecdfd17a90d09fd706608659a39a4bf3d79283b98,a9bd361db816fdd0a1ddca9203a65267b3f04aee0dfa35839fee63243a0e7ec2,04_responses/raw/RC03-A.txt,04_responses/prompts/RC03-A.txt
RC03-B,RC03,B,0.1,Codex agent; underlying model identifier not exposed,2026-09-10,date,Fresh Codex child agent; fork_turns none; task-only request,/root/remaining_cs_rc/candidate_rc03_b,Inherited; sampling settings not exposed,Codex (AI),ai_recorded,2026-09-10T16:12:09Z,7af2e28a68d47399e4aaedeecdfd17a90d09fd706608659a39a4bf3d79283b98,a90382086261cd8960156480bc43109fd5930bbb0b2cd05208c2097e65486a82,04_responses/raw/RC03-B.txt,04_responses/prompts/RC03-B.txt
RC04-A,RC04,A,0.1,Codex agent; underlying model identifier not exposed,2026-09-10,date,Fresh Codex child agent; fork_turns none; task-only request,/root/remaining_cs_rc/candidate_rc04_a,Inherited; sampling settings not exposed,Codex (AI),ai_recorded,2026-09-10T16:12:09Z,c22768eb86e856cf91057662237b0434d879ab70bc809a1cb8cf0639032fc96a,6c530e5f011e570139c85ab5df0b1639ab29ba85f91847d49b5ca028f038c53b,04_responses/raw/RC04-A.txt,04_responses/prompts/RC04-A.txt
RC04-B,RC04,B,0.1,Codex agent; underlying model identifier not exposed,2026-09-10,date,Fresh Codex child agent; fork_turns none; task-only request,/root/remaining_cs_rc/candidate_rc04_b,Inherited; sampling settings not exposed,Codex (AI),ai_recorded,2026-09-10T16:12:09Z,c22768eb86e856cf91057662237b0434d879ab70bc809a1cb8cf0639032fc96a,6f2e6c02f1373233d7957bd4c345e706a610a337faf10b13de02d2068c860a44,04_responses/raw/RC04-B.txt,04_responses/prompts/RC04-B.txt
RC05-A,RC05,A,0.1,Codex agent; underlying model identifier not exposed,2026-09-10,date,Fresh Codex child agent; fork_turns none; task-only request,/root/remaining_cs_rc/candidate_rc05_a,Inherited; sampling settings not exposed,Codex (AI),ai_recorded,2026-09-10T16:12:09Z,ffb2413be0bb73a432f971371610987c98dfe82d4d4edd0ebfcf3805d535806f,a2e23ac577998d56b6865409818e026add9b8681503162af9fa0119731e3e8d2,04_responses/raw/RC05-A.txt,04_responses/prompts/RC05-A.txt
RC05-B,RC05,B,0.1,Codex agent; underlying model identifier not exposed,2026-09-10,date,Fresh Codex child agent; fork_turns none; task-only request,/root/remaining_cs_rc/candidate_rc05_b,Inherited; sampling settings not exposed,Codex (AI),ai_recorded,2026-09-10T16:12:09Z,ffb2413be0bb73a432f971371610987c98dfe82d4d4edd0ebfcf3805d535806f,a474254f918830bd5baa02a444060f9cb566c78838f4bf9368ed811e79ec00c3,04_responses/raw/RC05-B.txt,04_responses/prompts/RC05-B.txt
RC06-A,RC06,A,0.1,Codex agent; underlying model identifier not exposed,2026-09-10,date,Fresh Codex child agent; fork_turns none; task-only request,/root/remaining_cs_rc/candidate_rc06_a,Inherited; sampling settings not exposed,Codex (AI),ai_recorded,2026-09-10T16:13:19Z,f46f7c65c3c7bb15c8588bf51c3ab7f576c8ceb39a8e3176bdc2d36cdf3f56fc,a384968e8a4688409da81d0f5c4ebe74737fa24487cc99a08689a8cf0f48d700,04_responses/raw/RC06-A.txt,04_responses/prompts/RC06-A.txt
RC06-B,RC06,B,0.1,Codex agent; underlying model identifier not exposed,2026-09-10,date,Fresh Codex child agent; fork_turns none; task-only request,/root/remaining_cs_rc/candidate_rc06_b,Inherited; sampling settings not exposed,Codex (AI),ai_recorded,2026-09-10T16:13:19Z,f46f7c65c3c7bb15c8588bf51c3ab7f576c8ceb39a8e3176bdc2d36cdf3f56fc,a9477e1a3c8fd08106e5f6e9d7debe67d7b0fbceb2d600073cb360372325f46f,04_responses/raw/RC06-B.txt,04_responses/prompts/RC06-B.txt
RC07-A,RC07,A,0.1,Codex agent; underlying model identifier not exposed,2026-09-10,date,Fresh Codex child agent; fork_turns none; task-only request,/root/remaining_cs_rc/candidate_rc07_a,Inherited; sampling settings not exposed,Codex (AI),ai_recorded,2026-09-10T16:13:53Z,bd3ace7dd516a5366e5f85f49cb3bf55bd47a1b43aba7827241737495fbe9b7f,1f3b7d6aac127be1a6c3464248e6f14863c1fe876213348b67d8c598a8610c07,04_responses/raw/RC07-A.txt,04_responses/prompts/RC07-A.txt
RC07-B,RC07,B,0.1,Codex agent; underlying model identifier not exposed,2026-09-10,date,Fresh Codex child agent; fork_turns none; task-only request,/root/remaining_cs_rc/candidate_rc07_b,Inherited; sampling settings not exposed,Codex (AI),ai_recorded,2026-09-10T16:13:53Z,bd3ace7dd516a5366e5f85f49cb3bf55bd47a1b43aba7827241737495fbe9b7f,daac7ab6633650eb41a96aa4d9fc6a088bae0aa5208a1b0587ccfe26fc30e995,04_responses/raw/RC07-B.txt,04_responses/prompts/RC07-B.txt
RC08-A,RC08,A,0.1,Codex agent; underlying model identifier not exposed,2026-09-10,date,Fresh Codex child agent; fork_turns none; task-only request,/root/remaining_cs_rc/candidate_rc08_a,Inherited; sampling settings not exposed,Codex (AI),ai_recorded,2026-09-10T16:15:08Z,4c97d69518405afc8d38bdcb4bfc0bb289044a1aef177b191231883846e691dd,fe94c778e829de9a05195e0050491f5d07e400285efb829f096a98f4eeabaa08,04_responses/raw/RC08-A.txt,04_responses/prompts/RC08-A.txt
RC08-B,RC08,B,0.1,Codex agent; underlying model identifier not exposed,2026-09-10,date,Fresh Codex child agent; fork_turns none; task-only request,/root/remaining_cs_rc/candidate_rc08_b,Inherited; sampling settings not exposed,Codex (AI),ai_recorded,2026-09-10T16:15:08Z,4c97d69518405afc8d38bdcb4bfc0bb289044a1aef177b191231883846e691dd,10ff87ab7d8bc7de618657528312693d0caaacbd61dfa5ef9b804d3b8c8936fd,04_responses/raw/RC08-B.txt,04_responses/prompts/RC08-B.txt
RC09-A,RC09,A,0.1,Codex agent; underlying model identifier not exposed,2026-09-10,date,Fresh Codex child agent; fork_turns none; task-only request,/root/remaining_cs_rc/candidate_rc09_a,Inherited; sampling settings not exposed,Codex (AI),ai_recorded,2026-09-10T16:15:54Z,e0f0de58d23424a121a4db66ee11158601efb105a4214cf51f8052e217d96a4c,549bacfd550ba2b1c47673eaa5e2cfc4e68941a564ce926bf09fd295ce344887,04_responses/raw/RC09-A.txt,04_responses/prompts/RC09-A.txt
RC09-B,RC09,B,0.1,Codex agent; underlying model identifier not exposed,2026-09-10,date,Fresh Codex child agent; fork_turns none; task-only request,/root/remaining_cs_rc/candidate_rc09_b,Inherited; sampling settings not exposed,Codex (AI),ai_recorded,2026-09-10T16:15:54Z,e0f0de58d23424a121a4db66ee11158601efb105a4214cf51f8052e217d96a4c,0593978db844b33a6d0156ef063f1e9c8e2585097c2f2b9db8f601e3c0a2531a,04_responses/raw/RC09-B.txt,04_responses/prompts/RC09-B.txt
RC10-A,RC10,A,0.1,Codex agent; underlying model identifier not exposed,2026-09-10,date,Fresh Codex child agent; fork_turns none; task-only request,/root/remaining_cs_rc/candidate_rc10_a,Inherited; sampling settings not exposed,Codex (AI),ai_recorded,2026-09-10T16:17:00Z,377620256982a00cfe77f9e78f74b2677b5b0ad8aa1fcad749a13eb85ca2370a,d9165800c707dd8050a0c3369034d73e5fa09282dea1b12877f986baca6ae640,04_responses/raw/RC10-A.txt,04_responses/prompts/RC10-A.txt
RC10-B,RC10,B,0.1,Codex agent; underlying model identifier not exposed,2026-09-10,date,Fresh Codex child agent; fork_turns none; task-only request,/root/remaining_cs_rc/candidate_rc10_b,Inherited; sampling settings not exposed,Codex (AI),ai_recorded,2026-09-10T16:17:00Z,377620256982a00cfe77f9e78f74b2677b5b0ad8aa1fcad749a13eb85ca2370a,94034360b0c2e0c71a0dda3aa670e24e072f2b87f5f368dcd8fbb9b5efef6107,04_responses/raw/RC10-B.txt,04_responses/prompts/RC10-B.txt
PR03-A,PR03,A,0.1,Codex agent; underlying model identifier not exposed,2026-09-10,date,Fresh Codex child agent; fork_turns none; task-only request,/root/remaining_cs_rc/candidate_pr03_a,Inherited; sampling settings not exposed,Codex (AI),ai_recorded,2026-09-10T16:17:48Z,72d8090ec2b584521be6b50a457973e3b83122a92b7425ddcb903e9fe202bcb3,79bfdec933961b07cb08b80428a93d4605c71b5ea5e5bc0967b6846b82ca0cac,04_responses/raw/PR03-A.txt,04_responses/prompts/PR03-A.txt
PR03-B,PR03,B,0.1,Codex agent; underlying model identifier not exposed,2026-09-10,date,Fresh Codex child agent; fork_turns none; task-only request,/root/remaining_cs_rc/candidate_pr03_b,Inherited; sampling settings not exposed,Codex (AI),ai_recorded,2026-09-10T16:17:48Z,72d8090ec2b584521be6b50a457973e3b83122a92b7425ddcb903e9fe202bcb3,a97da4e5e322d6205a28dcdea715e0c404367181bbf04bbecc62c180edba56de,04_responses/raw/PR03-B.txt,04_responses/prompts/PR03-B.txt
PR04-A,PR04,A,0.1,Codex agent; underlying model identifier not exposed,2026-09-10,date,Fresh Codex child agent; fork_turns none; task-only request,/root/remaining_cs_rc/candidate_pr04_a,Inherited; sampling settings not exposed,Codex (AI),ai_recorded,2026-09-10T16:17:48Z,be75c19afb823cafb78e61e7538db7c61bdfffa01eff63845b4aa066080f9a94,ed51af05879502e028b4dab321f57ea56417c759abdb8074ae685d9c3be415b5,04_responses/raw/PR04-A.txt,04_responses/prompts/PR04-A.txt
PR04-B,PR04,B,0.1,Codex agent; underlying model identifier not exposed,2026-09-10,date,Fresh Codex child agent; fork_turns none; task-only request,/root/remaining_cs_rc/candidate_pr04_b,Inherited; sampling settings not exposed,Codex (AI),ai_recorded,2026-09-10T16:29:09Z,be75c19afb823cafb78e61e7538db7c61bdfffa01eff63845b4aa066080f9a94,944fefe54c7632dc8b1c6fc26953ee9d352d2fb08bbec8c8681e892b1b820202,04_responses/raw/PR04-B.txt,04_responses/prompts/PR04-B.txt
PR05-A,PR05,A,0.1,Codex agent; underlying model identifier not exposed,2026-09-10,date,Fresh Codex child agent; fork_turns none; task-only request,/root/remaining_cs_rc/candidate_pr05_a,Inherited; sampling settings not exposed,Codex (AI),ai_recorded,2026-09-10T16:29:09Z,23625e7568f612e434b6ba008788f9d1491ab95dc4489ecb0f2c2fd2f6921cd8,2ff8c1ddfbdd83d5ce0bb007fc9326d50d8c1253665e46f387f100a98663eae6,04_responses/raw/PR05-A.txt,04_responses/prompts/PR05-A.txt
PR05-B,PR05,B,0.1,Codex agent; underlying model identifier not exposed,2026-09-10,date,Fresh Codex child agent; fork_turns none; task-only request,/root/remaining_cs_rc/candidate_pr05_b,Inherited; sampling settings not exposed,Codex (AI),ai_recorded,2026-09-10T16:29:09Z,23625e7568f612e434b6ba008788f9d1491ab95dc4489ecb0f2c2fd2f6921cd8,8df9089226c6ef5a077715214c846c346b05faef61c6a284204ad90f0cf5d916,04_responses/raw/PR05-B.txt,04_responses/prompts/PR05-B.txt
PR06-A,PR06,A,0.1,Codex agent; underlying model identifier not exposed,2026-09-10,date,Fresh Codex child agent; fork_turns none; task-only request,/root/remaining_cs_rc/candidate_pr06_a,Inherited; sampling settings not exposed,Codex (AI),ai_recorded,2026-09-10T16:33:18Z,14e53be9de725b12c3e4a62c1c926386bfaa6d782b83db0c3a4cad57e85eb6ce,70d8096d130af6559f8071a818a33c56f7788a88633e5142488985949ba13858,04_responses/raw/PR06-A.txt,04_responses/prompts/PR06-A.txt
PR06-B,PR06,B,0.1,Codex agent; underlying model identifier not exposed,2026-09-10,date,Fresh Codex child agent; fork_turns none; task-only request,/root/remaining_cs_rc/candidate_pr06_b,Inherited; sampling settings not exposed,Codex (AI),ai_recorded,2026-09-10T16:34:07Z,14e53be9de725b12c3e4a62c1c926386bfaa6d782b83db0c3a4cad57e85eb6ce,bf614546baecfaefd204335654c267b1fd43aa15e18558479325ac917b407c85,04_responses/raw/PR06-B.txt,04_responses/prompts/PR06-B.txt
PR07-A,PR07,A,0.1,Codex agent; underlying model identifier not exposed,2026-09-10,date,Fresh Codex child agent; fork_turns none; task-only request,/root/remaining_cs_rc/candidate_pr07_a,Inherited; sampling settings not exposed,Codex (AI),ai_recorded,2026-09-10T16:34:07Z,4c63383b99a741550ae595bd971904fdaa18f05b7b01a5c8806adced43da81dd,af2bb0836b4c41f1de6fc1ccf3ae496762889c60e4645f0df218610ac3ddacdb,04_responses/raw/PR07-A.txt,04_responses/prompts/PR07-A.txt
PR07-B,PR07,B,0.1,Codex agent; underlying model identifier not exposed,2026-09-10,date,Fresh Codex child agent; fork_turns none; task-only request,/root/remaining_cs_rc/candidate_pr07_b,Inherited; sampling settings not exposed,Codex (AI),ai_recorded,2026-09-10T16:35:11Z,4c63383b99a741550ae595bd971904fdaa18f05b7b01a5c8806adced43da81dd,a9128d59da820b36e2419c2e082e07b40e93c7accdff7a7580a52e2a31bc7a73,04_responses/raw/PR07-B.txt,04_responses/prompts/PR07-B.txt
PR08-A,PR08,A,0.1,Codex agent; underlying model identifier not exposed,2026-09-10,date,Fresh Codex child agent; fork_turns none; task-only request,/root/remaining_cs_rc/candidate_pr08_a,Inherited; sampling settings not exposed,Codex (AI),ai_recorded,2026-09-10T16:35:11Z,7a94bf85b17673236ce45e09877d2fa23b7f21d3d2fcb90fcded714f0a5340d6,4d25c5a1ad090aaf9c43a31691a16ffdfa1767611687a6fe7374ff8d87fe69d1,04_responses/raw/PR08-A.txt,04_responses/prompts/PR08-A.txt
PR08-B,PR08,B,0.1,Codex agent; underlying model identifier not exposed,2026-09-10,date,Fresh Codex child agent; fork_turns none; task-only request,/root/remaining_cs_rc/candidate_pr08_b,Inherited; sampling settings not exposed,Codex (AI),ai_recorded,2026-09-10T16:36:15Z,7a94bf85b17673236ce45e09877d2fa23b7f21d3d2fcb90fcded714f0a5340d6,120db84bf4b0d064457a87c0c3dc2e9cf576c5e309c3f8bfe8f143ff043f5e0c,04_responses/raw/PR08-B.txt,04_responses/prompts/PR08-B.txt
PR09-A,PR09,A,0.1,Codex agent; underlying model identifier not exposed,2026-09-10,date,Fresh Codex child agent; fork_turns none; task-only request,/root/remaining_cs_rc/candidate_pr09_a,Inherited; sampling settings not exposed,Codex (AI),ai_recorded,2026-09-10T16:36:15Z,22ef0875f75fcfeab867e8a983ca7ef93ca288460f33af43960e187bc13d0490,754f1cb181877d5e1ee75758e9c5f907b02614dd725011e72fdb5d7524dab036,04_responses/raw/PR09-A.txt,04_responses/prompts/PR09-A.txt
PR09-B,PR09,B,0.1,Codex agent; underlying model identifier not exposed,2026-09-10,date,Fresh Codex child agent; fork_turns none; task-only request,/root/remaining_cs_rc/candidate_pr09_b,Inherited; sampling settings not exposed,Codex (AI),ai_recorded,2026-09-10T16:36:15Z,22ef0875f75fcfeab867e8a983ca7ef93ca288460f33af43960e187bc13d0490,f120705edf1f1c91010966b4af24f6be5c319f6051771a6e4e6928f692d3522c,04_responses/raw/PR09-B.txt,04_responses/prompts/PR09-B.txt
PR10-A,PR10,A,0.1,Codex agent; underlying model identifier not exposed,2026-09-10,date,Fresh Codex child agent; fork_turns none; task-only request,/root/remaining_cs_rc/candidate_pr10_a,Inherited; sampling settings not exposed,Codex (AI),ai_recorded,2026-09-10T16:36:49Z,2ee6d878002f2f98a95e60941153d1c5b3ca66d0f9b81881759d592d1745bef3,f0589b78cbb6b9c9a598794e9a43f9846ca179327501e73553834232ec07ec6a,04_responses/raw/PR10-A.txt,04_responses/prompts/PR10-A.txt
PR10-B,PR10,B,0.1,Codex agent; underlying model identifier not exposed,2026-09-10,date,Fresh Codex child agent; fork_turns none; task-only request,/root/remaining_cs_rc/candidate_pr10_b,Inherited; sampling settings not exposed,Codex (AI),ai_recorded,2026-09-10T16:37:09Z,2ee6d878002f2f98a95e60941153d1c5b3ca66d0f9b81881759d592d1745bef3,19100b54bfeaa5b101a16e977638ec909c51b28af94f3d06b3ddac64c3febf51,04_responses/raw/PR10-B.txt,04_responses/prompts/PR10-B.txt
